"","bin","value","target","type","forecast_week","location"
"1","0",0,"1 wk ahead","Bin","2020-EW10","Evan what goes here?"
"2","0.1",0,"1 wk ahead","Bin","2020-EW10","Evan what goes here?"
"3","0.2",0,"1 wk ahead","Bin","2020-EW10","Evan what goes here?"
"4","0.3",0,"1 wk ahead","Bin","2020-EW10","Evan what goes here?"
"5","0.4",0,"1 wk ahead","Bin","2020-EW10","Evan what goes here?"
"6","0.5",0,"1 wk ahead","Bin","2020-EW10","Evan what goes here?"
"7","0.6",0,"1 wk ahead","Bin","2020-EW10","Evan what goes here?"
"8","0.7",0,"1 wk ahead","Bin","2020-EW10","Evan what goes here?"
"9","0.8",0,"1 wk ahead","Bin","2020-EW10","Evan what goes here?"
"10","0.9",0,"1 wk ahead","Bin","2020-EW10","Evan what goes here?"
"11","1",0,"1 wk ahead","Bin","2020-EW10","Evan what goes here?"
"12","1.1",0,"1 wk ahead","Bin","2020-EW10","Evan what goes here?"
"13","1.2",0,"1 wk ahead","Bin","2020-EW10","Evan what goes here?"
"14","1.3",0,"1 wk ahead","Bin","2020-EW10","Evan what goes here?"
"15","1.4",0,"1 wk ahead","Bin","2020-EW10","Evan what goes here?"
"16","1.5",0,"1 wk ahead","Bin","2020-EW10","Evan what goes here?"
"17","1.6",0,"1 wk ahead","Bin","2020-EW10","Evan what goes here?"
"18","1.7",0,"1 wk ahead","Bin","2020-EW10","Evan what goes here?"
"19","1.8",0.001,"1 wk ahead","Bin","2020-EW10","Evan what goes here?"
"20","1.9",0.001,"1 wk ahead","Bin","2020-EW10","Evan what goes here?"
"21","2",0.002,"1 wk ahead","Bin","2020-EW10","Evan what goes here?"
"22","2.1",0.005,"1 wk ahead","Bin","2020-EW10","Evan what goes here?"
"23","2.2",0.006,"1 wk ahead","Bin","2020-EW10","Evan what goes here?"
"24","2.3",0.011,"1 wk ahead","Bin","2020-EW10","Evan what goes here?"
"25","2.4",0.019,"1 wk ahead","Bin","2020-EW10","Evan what goes here?"
"26","2.5",0.02,"1 wk ahead","Bin","2020-EW10","Evan what goes here?"
"27","2.6",0.027,"1 wk ahead","Bin","2020-EW10","Evan what goes here?"
"28","2.7",0.039,"1 wk ahead","Bin","2020-EW10","Evan what goes here?"
"29","2.8",0.033,"1 wk ahead","Bin","2020-EW10","Evan what goes here?"
"30","2.9",0.054,"1 wk ahead","Bin","2020-EW10","Evan what goes here?"
"31","3",0.056,"1 wk ahead","Bin","2020-EW10","Evan what goes here?"
"32","3.1",0.043,"1 wk ahead","Bin","2020-EW10","Evan what goes here?"
"33","3.2",0.051,"1 wk ahead","Bin","2020-EW10","Evan what goes here?"
"34","3.3",0.051,"1 wk ahead","Bin","2020-EW10","Evan what goes here?"
"35","3.4",0.036,"1 wk ahead","Bin","2020-EW10","Evan what goes here?"
"36","3.5",0.049,"1 wk ahead","Bin","2020-EW10","Evan what goes here?"
"37","3.6",0.05,"1 wk ahead","Bin","2020-EW10","Evan what goes here?"
"38","3.7",0.047,"1 wk ahead","Bin","2020-EW10","Evan what goes here?"
"39","3.8",0.045,"1 wk ahead","Bin","2020-EW10","Evan what goes here?"
"40","3.9",0.035,"1 wk ahead","Bin","2020-EW10","Evan what goes here?"
"41","4",0.032,"1 wk ahead","Bin","2020-EW10","Evan what goes here?"
"42","4.1",0.025,"1 wk ahead","Bin","2020-EW10","Evan what goes here?"
"43","4.2",0.032,"1 wk ahead","Bin","2020-EW10","Evan what goes here?"
"44","4.3",0.018,"1 wk ahead","Bin","2020-EW10","Evan what goes here?"
"45","4.4",0.018,"1 wk ahead","Bin","2020-EW10","Evan what goes here?"
"46","4.5",0.025,"1 wk ahead","Bin","2020-EW10","Evan what goes here?"
"47","4.6",0.017,"1 wk ahead","Bin","2020-EW10","Evan what goes here?"
"48","4.7",0.018,"1 wk ahead","Bin","2020-EW10","Evan what goes here?"
"49","4.8",0.015,"1 wk ahead","Bin","2020-EW10","Evan what goes here?"
"50","4.9",0.012,"1 wk ahead","Bin","2020-EW10","Evan what goes here?"
"51","5",0.012,"1 wk ahead","Bin","2020-EW10","Evan what goes here?"
"52","5.1",0.011,"1 wk ahead","Bin","2020-EW10","Evan what goes here?"
"53","5.2",0.012,"1 wk ahead","Bin","2020-EW10","Evan what goes here?"
"54","5.3",0.01,"1 wk ahead","Bin","2020-EW10","Evan what goes here?"
"55","5.4",0.003,"1 wk ahead","Bin","2020-EW10","Evan what goes here?"
"56","5.5",0.006,"1 wk ahead","Bin","2020-EW10","Evan what goes here?"
"57","5.6",0.003,"1 wk ahead","Bin","2020-EW10","Evan what goes here?"
"58","5.7",0.006,"1 wk ahead","Bin","2020-EW10","Evan what goes here?"
"59","5.8",0.003,"1 wk ahead","Bin","2020-EW10","Evan what goes here?"
"60","5.9",0.002,"1 wk ahead","Bin","2020-EW10","Evan what goes here?"
"61","6",0.004,"1 wk ahead","Bin","2020-EW10","Evan what goes here?"
"62","6.1",0.004,"1 wk ahead","Bin","2020-EW10","Evan what goes here?"
"63","6.2",0.004,"1 wk ahead","Bin","2020-EW10","Evan what goes here?"
"64","6.3",0.003,"1 wk ahead","Bin","2020-EW10","Evan what goes here?"
"65","6.4",0.003,"1 wk ahead","Bin","2020-EW10","Evan what goes here?"
"66","6.5",0.002,"1 wk ahead","Bin","2020-EW10","Evan what goes here?"
"67","6.6",0.002,"1 wk ahead","Bin","2020-EW10","Evan what goes here?"
"68","6.7",0.003,"1 wk ahead","Bin","2020-EW10","Evan what goes here?"
"69","6.8",0.002,"1 wk ahead","Bin","2020-EW10","Evan what goes here?"
"70","6.9",0.002,"1 wk ahead","Bin","2020-EW10","Evan what goes here?"
"71","7",0.002,"1 wk ahead","Bin","2020-EW10","Evan what goes here?"
"72","7.1",0.002,"1 wk ahead","Bin","2020-EW10","Evan what goes here?"
"73","7.2",0.001,"1 wk ahead","Bin","2020-EW10","Evan what goes here?"
"74","7.3",0,"1 wk ahead","Bin","2020-EW10","Evan what goes here?"
"75","7.4",0.002,"1 wk ahead","Bin","2020-EW10","Evan what goes here?"
"76","7.5",0,"1 wk ahead","Bin","2020-EW10","Evan what goes here?"
"77","7.6",0,"1 wk ahead","Bin","2020-EW10","Evan what goes here?"
"78","7.7",0,"1 wk ahead","Bin","2020-EW10","Evan what goes here?"
"79","7.8",0.002,"1 wk ahead","Bin","2020-EW10","Evan what goes here?"
"80","7.9",0,"1 wk ahead","Bin","2020-EW10","Evan what goes here?"
"81","8",0,"1 wk ahead","Bin","2020-EW10","Evan what goes here?"
"82","8.1",0,"1 wk ahead","Bin","2020-EW10","Evan what goes here?"
"83","8.2",0,"1 wk ahead","Bin","2020-EW10","Evan what goes here?"
"84","8.3",0,"1 wk ahead","Bin","2020-EW10","Evan what goes here?"
"85","8.4",0,"1 wk ahead","Bin","2020-EW10","Evan what goes here?"
"86","8.5",0,"1 wk ahead","Bin","2020-EW10","Evan what goes here?"
"87","8.6",0,"1 wk ahead","Bin","2020-EW10","Evan what goes here?"
"88","8.7",0,"1 wk ahead","Bin","2020-EW10","Evan what goes here?"
"89","8.8",0,"1 wk ahead","Bin","2020-EW10","Evan what goes here?"
"90","8.9",0,"1 wk ahead","Bin","2020-EW10","Evan what goes here?"
"91","9",0,"1 wk ahead","Bin","2020-EW10","Evan what goes here?"
"92","9.1",0,"1 wk ahead","Bin","2020-EW10","Evan what goes here?"
"93","9.2",0,"1 wk ahead","Bin","2020-EW10","Evan what goes here?"
"94","9.3",0,"1 wk ahead","Bin","2020-EW10","Evan what goes here?"
"95","9.4",0,"1 wk ahead","Bin","2020-EW10","Evan what goes here?"
"96","9.5",0,"1 wk ahead","Bin","2020-EW10","Evan what goes here?"
"97","9.6",0.001,"1 wk ahead","Bin","2020-EW10","Evan what goes here?"
"98","9.7",0,"1 wk ahead","Bin","2020-EW10","Evan what goes here?"
"99","9.8",0,"1 wk ahead","Bin","2020-EW10","Evan what goes here?"
"100","9.9",0,"1 wk ahead","Bin","2020-EW10","Evan what goes here?"
"101","10",0,"1 wk ahead","Bin","2020-EW10","Evan what goes here?"
"102","10.1",0,"1 wk ahead","Bin","2020-EW10","Evan what goes here?"
"103","10.2",0,"1 wk ahead","Bin","2020-EW10","Evan what goes here?"
"104","10.3",0,"1 wk ahead","Bin","2020-EW10","Evan what goes here?"
"105","10.4",0,"1 wk ahead","Bin","2020-EW10","Evan what goes here?"
"106","10.5",0,"1 wk ahead","Bin","2020-EW10","Evan what goes here?"
"107","10.6",0,"1 wk ahead","Bin","2020-EW10","Evan what goes here?"
"108","10.7",0,"1 wk ahead","Bin","2020-EW10","Evan what goes here?"
"109","10.8",0,"1 wk ahead","Bin","2020-EW10","Evan what goes here?"
"110","10.9",0,"1 wk ahead","Bin","2020-EW10","Evan what goes here?"
"111","11",0,"1 wk ahead","Bin","2020-EW10","Evan what goes here?"
"112","11.1",0,"1 wk ahead","Bin","2020-EW10","Evan what goes here?"
"113","11.2",0,"1 wk ahead","Bin","2020-EW10","Evan what goes here?"
"114","11.3",0,"1 wk ahead","Bin","2020-EW10","Evan what goes here?"
"115","11.4",0,"1 wk ahead","Bin","2020-EW10","Evan what goes here?"
"116","11.5",0,"1 wk ahead","Bin","2020-EW10","Evan what goes here?"
"117","11.6",0,"1 wk ahead","Bin","2020-EW10","Evan what goes here?"
"118","11.7",0,"1 wk ahead","Bin","2020-EW10","Evan what goes here?"
"119","11.8",0,"1 wk ahead","Bin","2020-EW10","Evan what goes here?"
"120","11.9",0,"1 wk ahead","Bin","2020-EW10","Evan what goes here?"
"121","12",0,"1 wk ahead","Bin","2020-EW10","Evan what goes here?"
"122","12.1",0,"1 wk ahead","Bin","2020-EW10","Evan what goes here?"
"123","12.2",0,"1 wk ahead","Bin","2020-EW10","Evan what goes here?"
"124","12.3",0,"1 wk ahead","Bin","2020-EW10","Evan what goes here?"
"125","12.4",0,"1 wk ahead","Bin","2020-EW10","Evan what goes here?"
"126","12.5",0,"1 wk ahead","Bin","2020-EW10","Evan what goes here?"
"127","12.6",0,"1 wk ahead","Bin","2020-EW10","Evan what goes here?"
"128","12.7",0,"1 wk ahead","Bin","2020-EW10","Evan what goes here?"
"129","12.8",0,"1 wk ahead","Bin","2020-EW10","Evan what goes here?"
"130","12.9",0,"1 wk ahead","Bin","2020-EW10","Evan what goes here?"
"131","13",0,"1 wk ahead","Bin","2020-EW10","Evan what goes here?"
"132","0",0,"2 wk ahead","Bin","2020-EW10","Evan what goes here?"
"133","0.1",0,"2 wk ahead","Bin","2020-EW10","Evan what goes here?"
"134","0.2",0,"2 wk ahead","Bin","2020-EW10","Evan what goes here?"
"135","0.3",0,"2 wk ahead","Bin","2020-EW10","Evan what goes here?"
"136","0.4",0,"2 wk ahead","Bin","2020-EW10","Evan what goes here?"
"137","0.5",0,"2 wk ahead","Bin","2020-EW10","Evan what goes here?"
"138","0.6",0,"2 wk ahead","Bin","2020-EW10","Evan what goes here?"
"139","0.7",0,"2 wk ahead","Bin","2020-EW10","Evan what goes here?"
"140","0.8",0,"2 wk ahead","Bin","2020-EW10","Evan what goes here?"
"141","0.9",0,"2 wk ahead","Bin","2020-EW10","Evan what goes here?"
"142","1",0,"2 wk ahead","Bin","2020-EW10","Evan what goes here?"
"143","1.1",0,"2 wk ahead","Bin","2020-EW10","Evan what goes here?"
"144","1.2",0,"2 wk ahead","Bin","2020-EW10","Evan what goes here?"
"145","1.3",0,"2 wk ahead","Bin","2020-EW10","Evan what goes here?"
"146","1.4",0,"2 wk ahead","Bin","2020-EW10","Evan what goes here?"
"147","1.5",0,"2 wk ahead","Bin","2020-EW10","Evan what goes here?"
"148","1.6",0.001,"2 wk ahead","Bin","2020-EW10","Evan what goes here?"
"149","1.7",0.002,"2 wk ahead","Bin","2020-EW10","Evan what goes here?"
"150","1.8",0.01,"2 wk ahead","Bin","2020-EW10","Evan what goes here?"
"151","1.9",0.003,"2 wk ahead","Bin","2020-EW10","Evan what goes here?"
"152","2",0.012,"2 wk ahead","Bin","2020-EW10","Evan what goes here?"
"153","2.1",0.015,"2 wk ahead","Bin","2020-EW10","Evan what goes here?"
"154","2.2",0.03,"2 wk ahead","Bin","2020-EW10","Evan what goes here?"
"155","2.3",0.02,"2 wk ahead","Bin","2020-EW10","Evan what goes here?"
"156","2.4",0.028,"2 wk ahead","Bin","2020-EW10","Evan what goes here?"
"157","2.5",0.036,"2 wk ahead","Bin","2020-EW10","Evan what goes here?"
"158","2.6",0.047,"2 wk ahead","Bin","2020-EW10","Evan what goes here?"
"159","2.7",0.041,"2 wk ahead","Bin","2020-EW10","Evan what goes here?"
"160","2.8",0.051,"2 wk ahead","Bin","2020-EW10","Evan what goes here?"
"161","2.9",0.052,"2 wk ahead","Bin","2020-EW10","Evan what goes here?"
"162","3",0.042,"2 wk ahead","Bin","2020-EW10","Evan what goes here?"
"163","3.1",0.054,"2 wk ahead","Bin","2020-EW10","Evan what goes here?"
"164","3.2",0.051,"2 wk ahead","Bin","2020-EW10","Evan what goes here?"
"165","3.3",0.044,"2 wk ahead","Bin","2020-EW10","Evan what goes here?"
"166","3.4",0.038,"2 wk ahead","Bin","2020-EW10","Evan what goes here?"
"167","3.5",0.032,"2 wk ahead","Bin","2020-EW10","Evan what goes here?"
"168","3.6",0.031,"2 wk ahead","Bin","2020-EW10","Evan what goes here?"
"169","3.7",0.036,"2 wk ahead","Bin","2020-EW10","Evan what goes here?"
"170","3.8",0.038,"2 wk ahead","Bin","2020-EW10","Evan what goes here?"
"171","3.9",0.026,"2 wk ahead","Bin","2020-EW10","Evan what goes here?"
"172","4",0.031,"2 wk ahead","Bin","2020-EW10","Evan what goes here?"
"173","4.1",0.026,"2 wk ahead","Bin","2020-EW10","Evan what goes here?"
"174","4.2",0.023,"2 wk ahead","Bin","2020-EW10","Evan what goes here?"
"175","4.3",0.026,"2 wk ahead","Bin","2020-EW10","Evan what goes here?"
"176","4.4",0.014,"2 wk ahead","Bin","2020-EW10","Evan what goes here?"
"177","4.5",0.021,"2 wk ahead","Bin","2020-EW10","Evan what goes here?"
"178","4.6",0.022,"2 wk ahead","Bin","2020-EW10","Evan what goes here?"
"179","4.7",0.01,"2 wk ahead","Bin","2020-EW10","Evan what goes here?"
"180","4.8",0.006,"2 wk ahead","Bin","2020-EW10","Evan what goes here?"
"181","4.9",0.015,"2 wk ahead","Bin","2020-EW10","Evan what goes here?"
"182","5",0.006,"2 wk ahead","Bin","2020-EW10","Evan what goes here?"
"183","5.1",0.006,"2 wk ahead","Bin","2020-EW10","Evan what goes here?"
"184","5.2",0.007,"2 wk ahead","Bin","2020-EW10","Evan what goes here?"
"185","5.3",0.007,"2 wk ahead","Bin","2020-EW10","Evan what goes here?"
"186","5.4",0.007,"2 wk ahead","Bin","2020-EW10","Evan what goes here?"
"187","5.5",0.002,"2 wk ahead","Bin","2020-EW10","Evan what goes here?"
"188","5.6",0.004,"2 wk ahead","Bin","2020-EW10","Evan what goes here?"
"189","5.7",0.001,"2 wk ahead","Bin","2020-EW10","Evan what goes here?"
"190","5.8",0.001,"2 wk ahead","Bin","2020-EW10","Evan what goes here?"
"191","5.9",0.003,"2 wk ahead","Bin","2020-EW10","Evan what goes here?"
"192","6",0.003,"2 wk ahead","Bin","2020-EW10","Evan what goes here?"
"193","6.1",0,"2 wk ahead","Bin","2020-EW10","Evan what goes here?"
"194","6.2",0,"2 wk ahead","Bin","2020-EW10","Evan what goes here?"
"195","6.3",0.002,"2 wk ahead","Bin","2020-EW10","Evan what goes here?"
"196","6.4",0.004,"2 wk ahead","Bin","2020-EW10","Evan what goes here?"
"197","6.5",0.001,"2 wk ahead","Bin","2020-EW10","Evan what goes here?"
"198","6.6",0.003,"2 wk ahead","Bin","2020-EW10","Evan what goes here?"
"199","6.7",0,"2 wk ahead","Bin","2020-EW10","Evan what goes here?"
"200","6.8",0.001,"2 wk ahead","Bin","2020-EW10","Evan what goes here?"
"201","6.9",0.002,"2 wk ahead","Bin","2020-EW10","Evan what goes here?"
"202","7",0.002,"2 wk ahead","Bin","2020-EW10","Evan what goes here?"
"203","7.1",0,"2 wk ahead","Bin","2020-EW10","Evan what goes here?"
"204","7.2",0,"2 wk ahead","Bin","2020-EW10","Evan what goes here?"
"205","7.3",0,"2 wk ahead","Bin","2020-EW10","Evan what goes here?"
"206","7.4",0,"2 wk ahead","Bin","2020-EW10","Evan what goes here?"
"207","7.5",0,"2 wk ahead","Bin","2020-EW10","Evan what goes here?"
"208","7.6",0,"2 wk ahead","Bin","2020-EW10","Evan what goes here?"
"209","7.7",0,"2 wk ahead","Bin","2020-EW10","Evan what goes here?"
"210","7.8",0.001,"2 wk ahead","Bin","2020-EW10","Evan what goes here?"
"211","7.9",0,"2 wk ahead","Bin","2020-EW10","Evan what goes here?"
"212","8",0,"2 wk ahead","Bin","2020-EW10","Evan what goes here?"
"213","8.1",0.001,"2 wk ahead","Bin","2020-EW10","Evan what goes here?"
"214","8.2",0,"2 wk ahead","Bin","2020-EW10","Evan what goes here?"
"215","8.3",0,"2 wk ahead","Bin","2020-EW10","Evan what goes here?"
"216","8.4",0,"2 wk ahead","Bin","2020-EW10","Evan what goes here?"
"217","8.5",0,"2 wk ahead","Bin","2020-EW10","Evan what goes here?"
"218","8.6",0,"2 wk ahead","Bin","2020-EW10","Evan what goes here?"
"219","8.7",0,"2 wk ahead","Bin","2020-EW10","Evan what goes here?"
"220","8.8",0,"2 wk ahead","Bin","2020-EW10","Evan what goes here?"
"221","8.9",0,"2 wk ahead","Bin","2020-EW10","Evan what goes here?"
"222","9",0,"2 wk ahead","Bin","2020-EW10","Evan what goes here?"
"223","9.1",0.001,"2 wk ahead","Bin","2020-EW10","Evan what goes here?"
"224","9.2",0,"2 wk ahead","Bin","2020-EW10","Evan what goes here?"
"225","9.3",0,"2 wk ahead","Bin","2020-EW10","Evan what goes here?"
"226","9.4",0,"2 wk ahead","Bin","2020-EW10","Evan what goes here?"
"227","9.5",0,"2 wk ahead","Bin","2020-EW10","Evan what goes here?"
"228","9.6",0,"2 wk ahead","Bin","2020-EW10","Evan what goes here?"
"229","9.7",0,"2 wk ahead","Bin","2020-EW10","Evan what goes here?"
"230","9.8",0,"2 wk ahead","Bin","2020-EW10","Evan what goes here?"
"231","9.9",0,"2 wk ahead","Bin","2020-EW10","Evan what goes here?"
"232","10",0,"2 wk ahead","Bin","2020-EW10","Evan what goes here?"
"233","10.1",0,"2 wk ahead","Bin","2020-EW10","Evan what goes here?"
"234","10.2",0,"2 wk ahead","Bin","2020-EW10","Evan what goes here?"
"235","10.3",0,"2 wk ahead","Bin","2020-EW10","Evan what goes here?"
"236","10.4",0.001,"2 wk ahead","Bin","2020-EW10","Evan what goes here?"
"237","10.5",0,"2 wk ahead","Bin","2020-EW10","Evan what goes here?"
"238","10.6",0,"2 wk ahead","Bin","2020-EW10","Evan what goes here?"
"239","10.7",0,"2 wk ahead","Bin","2020-EW10","Evan what goes here?"
"240","10.8",0,"2 wk ahead","Bin","2020-EW10","Evan what goes here?"
"241","10.9",0,"2 wk ahead","Bin","2020-EW10","Evan what goes here?"
"242","11",0,"2 wk ahead","Bin","2020-EW10","Evan what goes here?"
"243","11.1",0,"2 wk ahead","Bin","2020-EW10","Evan what goes here?"
"244","11.2",0,"2 wk ahead","Bin","2020-EW10","Evan what goes here?"
"245","11.3",0,"2 wk ahead","Bin","2020-EW10","Evan what goes here?"
"246","11.4",0,"2 wk ahead","Bin","2020-EW10","Evan what goes here?"
"247","11.5",0,"2 wk ahead","Bin","2020-EW10","Evan what goes here?"
"248","11.6",0,"2 wk ahead","Bin","2020-EW10","Evan what goes here?"
"249","11.7",0,"2 wk ahead","Bin","2020-EW10","Evan what goes here?"
"250","11.8",0,"2 wk ahead","Bin","2020-EW10","Evan what goes here?"
"251","11.9",0,"2 wk ahead","Bin","2020-EW10","Evan what goes here?"
"252","12",0,"2 wk ahead","Bin","2020-EW10","Evan what goes here?"
"253","12.1",0,"2 wk ahead","Bin","2020-EW10","Evan what goes here?"
"254","12.2",0,"2 wk ahead","Bin","2020-EW10","Evan what goes here?"
"255","12.3",0,"2 wk ahead","Bin","2020-EW10","Evan what goes here?"
"256","12.4",0,"2 wk ahead","Bin","2020-EW10","Evan what goes here?"
"257","12.5",0,"2 wk ahead","Bin","2020-EW10","Evan what goes here?"
"258","12.6",0,"2 wk ahead","Bin","2020-EW10","Evan what goes here?"
"259","12.7",0,"2 wk ahead","Bin","2020-EW10","Evan what goes here?"
"260","12.8",0,"2 wk ahead","Bin","2020-EW10","Evan what goes here?"
"261","12.9",0,"2 wk ahead","Bin","2020-EW10","Evan what goes here?"
"262","13",0,"2 wk ahead","Bin","2020-EW10","Evan what goes here?"
"263","0",0,"3 wk ahead","Bin","2020-EW10","Evan what goes here?"
"264","0.1",0,"3 wk ahead","Bin","2020-EW10","Evan what goes here?"
"265","0.2",0,"3 wk ahead","Bin","2020-EW10","Evan what goes here?"
"266","0.3",0,"3 wk ahead","Bin","2020-EW10","Evan what goes here?"
"267","0.4",0,"3 wk ahead","Bin","2020-EW10","Evan what goes here?"
"268","0.5",0,"3 wk ahead","Bin","2020-EW10","Evan what goes here?"
"269","0.6",0,"3 wk ahead","Bin","2020-EW10","Evan what goes here?"
"270","0.7",0,"3 wk ahead","Bin","2020-EW10","Evan what goes here?"
"271","0.8",0,"3 wk ahead","Bin","2020-EW10","Evan what goes here?"
"272","0.9",0,"3 wk ahead","Bin","2020-EW10","Evan what goes here?"
"273","1",0,"3 wk ahead","Bin","2020-EW10","Evan what goes here?"
"274","1.1",0,"3 wk ahead","Bin","2020-EW10","Evan what goes here?"
"275","1.2",0,"3 wk ahead","Bin","2020-EW10","Evan what goes here?"
"276","1.3",0,"3 wk ahead","Bin","2020-EW10","Evan what goes here?"
"277","1.4",0,"3 wk ahead","Bin","2020-EW10","Evan what goes here?"
"278","1.5",0.001,"3 wk ahead","Bin","2020-EW10","Evan what goes here?"
"279","1.6",0.001,"3 wk ahead","Bin","2020-EW10","Evan what goes here?"
"280","1.7",0.004,"3 wk ahead","Bin","2020-EW10","Evan what goes here?"
"281","1.8",0.007,"3 wk ahead","Bin","2020-EW10","Evan what goes here?"
"282","1.9",0.006,"3 wk ahead","Bin","2020-EW10","Evan what goes here?"
"283","2",0.008,"3 wk ahead","Bin","2020-EW10","Evan what goes here?"
"284","2.1",0.014,"3 wk ahead","Bin","2020-EW10","Evan what goes here?"
"285","2.2",0.017,"3 wk ahead","Bin","2020-EW10","Evan what goes here?"
"286","2.3",0.03,"3 wk ahead","Bin","2020-EW10","Evan what goes here?"
"287","2.4",0.034,"3 wk ahead","Bin","2020-EW10","Evan what goes here?"
"288","2.5",0.026,"3 wk ahead","Bin","2020-EW10","Evan what goes here?"
"289","2.6",0.039,"3 wk ahead","Bin","2020-EW10","Evan what goes here?"
"290","2.7",0.04,"3 wk ahead","Bin","2020-EW10","Evan what goes here?"
"291","2.8",0.039,"3 wk ahead","Bin","2020-EW10","Evan what goes here?"
"292","2.9",0.036,"3 wk ahead","Bin","2020-EW10","Evan what goes here?"
"293","3",0.037,"3 wk ahead","Bin","2020-EW10","Evan what goes here?"
"294","3.1",0.042,"3 wk ahead","Bin","2020-EW10","Evan what goes here?"
"295","3.2",0.047,"3 wk ahead","Bin","2020-EW10","Evan what goes here?"
"296","3.3",0.044,"3 wk ahead","Bin","2020-EW10","Evan what goes here?"
"297","3.4",0.037,"3 wk ahead","Bin","2020-EW10","Evan what goes here?"
"298","3.5",0.034,"3 wk ahead","Bin","2020-EW10","Evan what goes here?"
"299","3.6",0.032,"3 wk ahead","Bin","2020-EW10","Evan what goes here?"
"300","3.7",0.043,"3 wk ahead","Bin","2020-EW10","Evan what goes here?"
"301","3.8",0.024,"3 wk ahead","Bin","2020-EW10","Evan what goes here?"
"302","3.9",0.03,"3 wk ahead","Bin","2020-EW10","Evan what goes here?"
"303","4",0.027,"3 wk ahead","Bin","2020-EW10","Evan what goes here?"
"304","4.1",0.022,"3 wk ahead","Bin","2020-EW10","Evan what goes here?"
"305","4.2",0.019,"3 wk ahead","Bin","2020-EW10","Evan what goes here?"
"306","4.3",0.021,"3 wk ahead","Bin","2020-EW10","Evan what goes here?"
"307","4.4",0.016,"3 wk ahead","Bin","2020-EW10","Evan what goes here?"
"308","4.5",0.019,"3 wk ahead","Bin","2020-EW10","Evan what goes here?"
"309","4.6",0.024,"3 wk ahead","Bin","2020-EW10","Evan what goes here?"
"310","4.7",0.016,"3 wk ahead","Bin","2020-EW10","Evan what goes here?"
"311","4.8",0.018,"3 wk ahead","Bin","2020-EW10","Evan what goes here?"
"312","4.9",0.016,"3 wk ahead","Bin","2020-EW10","Evan what goes here?"
"313","5",0.009,"3 wk ahead","Bin","2020-EW10","Evan what goes here?"
"314","5.1",0.018,"3 wk ahead","Bin","2020-EW10","Evan what goes here?"
"315","5.2",0.008,"3 wk ahead","Bin","2020-EW10","Evan what goes here?"
"316","5.3",0.005,"3 wk ahead","Bin","2020-EW10","Evan what goes here?"
"317","5.4",0.005,"3 wk ahead","Bin","2020-EW10","Evan what goes here?"
"318","5.5",0.005,"3 wk ahead","Bin","2020-EW10","Evan what goes here?"
"319","5.6",0.004,"3 wk ahead","Bin","2020-EW10","Evan what goes here?"
"320","5.7",0.005,"3 wk ahead","Bin","2020-EW10","Evan what goes here?"
"321","5.8",0.008,"3 wk ahead","Bin","2020-EW10","Evan what goes here?"
"322","5.9",0.006,"3 wk ahead","Bin","2020-EW10","Evan what goes here?"
"323","6",0.002,"3 wk ahead","Bin","2020-EW10","Evan what goes here?"
"324","6.1",0.002,"3 wk ahead","Bin","2020-EW10","Evan what goes here?"
"325","6.2",0.01,"3 wk ahead","Bin","2020-EW10","Evan what goes here?"
"326","6.3",0.002,"3 wk ahead","Bin","2020-EW10","Evan what goes here?"
"327","6.4",0.006,"3 wk ahead","Bin","2020-EW10","Evan what goes here?"
"328","6.5",0.003,"3 wk ahead","Bin","2020-EW10","Evan what goes here?"
"329","6.6",0.003,"3 wk ahead","Bin","2020-EW10","Evan what goes here?"
"330","6.7",0.001,"3 wk ahead","Bin","2020-EW10","Evan what goes here?"
"331","6.8",0,"3 wk ahead","Bin","2020-EW10","Evan what goes here?"
"332","6.9",0.001,"3 wk ahead","Bin","2020-EW10","Evan what goes here?"
"333","7",0.002,"3 wk ahead","Bin","2020-EW10","Evan what goes here?"
"334","7.1",0.001,"3 wk ahead","Bin","2020-EW10","Evan what goes here?"
"335","7.2",0,"3 wk ahead","Bin","2020-EW10","Evan what goes here?"
"336","7.3",0.002,"3 wk ahead","Bin","2020-EW10","Evan what goes here?"
"337","7.4",0,"3 wk ahead","Bin","2020-EW10","Evan what goes here?"
"338","7.5",0.001,"3 wk ahead","Bin","2020-EW10","Evan what goes here?"
"339","7.6",0.001,"3 wk ahead","Bin","2020-EW10","Evan what goes here?"
"340","7.7",0,"3 wk ahead","Bin","2020-EW10","Evan what goes here?"
"341","7.8",0.001,"3 wk ahead","Bin","2020-EW10","Evan what goes here?"
"342","7.9",0.002,"3 wk ahead","Bin","2020-EW10","Evan what goes here?"
"343","8",0.001,"3 wk ahead","Bin","2020-EW10","Evan what goes here?"
"344","8.1",0.001,"3 wk ahead","Bin","2020-EW10","Evan what goes here?"
"345","8.2",0,"3 wk ahead","Bin","2020-EW10","Evan what goes here?"
"346","8.3",0,"3 wk ahead","Bin","2020-EW10","Evan what goes here?"
"347","8.4",0,"3 wk ahead","Bin","2020-EW10","Evan what goes here?"
"348","8.5",0.002,"3 wk ahead","Bin","2020-EW10","Evan what goes here?"
"349","8.6",0.001,"3 wk ahead","Bin","2020-EW10","Evan what goes here?"
"350","8.7",0,"3 wk ahead","Bin","2020-EW10","Evan what goes here?"
"351","8.8",0.002,"3 wk ahead","Bin","2020-EW10","Evan what goes here?"
"352","8.9",0.002,"3 wk ahead","Bin","2020-EW10","Evan what goes here?"
"353","9",0.001,"3 wk ahead","Bin","2020-EW10","Evan what goes here?"
"354","9.1",0.001,"3 wk ahead","Bin","2020-EW10","Evan what goes here?"
"355","9.2",0,"3 wk ahead","Bin","2020-EW10","Evan what goes here?"
"356","9.3",0,"3 wk ahead","Bin","2020-EW10","Evan what goes here?"
"357","9.4",0,"3 wk ahead","Bin","2020-EW10","Evan what goes here?"
"358","9.5",0,"3 wk ahead","Bin","2020-EW10","Evan what goes here?"
"359","9.6",0,"3 wk ahead","Bin","2020-EW10","Evan what goes here?"
"360","9.7",0,"3 wk ahead","Bin","2020-EW10","Evan what goes here?"
"361","9.8",0,"3 wk ahead","Bin","2020-EW10","Evan what goes here?"
"362","9.9",0,"3 wk ahead","Bin","2020-EW10","Evan what goes here?"
"363","10",0,"3 wk ahead","Bin","2020-EW10","Evan what goes here?"
"364","10.1",0.002,"3 wk ahead","Bin","2020-EW10","Evan what goes here?"
"365","10.2",0,"3 wk ahead","Bin","2020-EW10","Evan what goes here?"
"366","10.3",0.001,"3 wk ahead","Bin","2020-EW10","Evan what goes here?"
"367","10.4",0,"3 wk ahead","Bin","2020-EW10","Evan what goes here?"
"368","10.5",0,"3 wk ahead","Bin","2020-EW10","Evan what goes here?"
"369","10.6",0,"3 wk ahead","Bin","2020-EW10","Evan what goes here?"
"370","10.7",0.001,"3 wk ahead","Bin","2020-EW10","Evan what goes here?"
"371","10.8",0,"3 wk ahead","Bin","2020-EW10","Evan what goes here?"
"372","10.9",0,"3 wk ahead","Bin","2020-EW10","Evan what goes here?"
"373","11",0,"3 wk ahead","Bin","2020-EW10","Evan what goes here?"
"374","11.1",0,"3 wk ahead","Bin","2020-EW10","Evan what goes here?"
"375","11.2",0,"3 wk ahead","Bin","2020-EW10","Evan what goes here?"
"376","11.3",0,"3 wk ahead","Bin","2020-EW10","Evan what goes here?"
"377","11.4",0,"3 wk ahead","Bin","2020-EW10","Evan what goes here?"
"378","11.5",0,"3 wk ahead","Bin","2020-EW10","Evan what goes here?"
"379","11.6",0,"3 wk ahead","Bin","2020-EW10","Evan what goes here?"
"380","11.7",0,"3 wk ahead","Bin","2020-EW10","Evan what goes here?"
"381","11.8",0,"3 wk ahead","Bin","2020-EW10","Evan what goes here?"
"382","11.9",0,"3 wk ahead","Bin","2020-EW10","Evan what goes here?"
"383","12",0,"3 wk ahead","Bin","2020-EW10","Evan what goes here?"
"384","12.1",0,"3 wk ahead","Bin","2020-EW10","Evan what goes here?"
"385","12.2",0,"3 wk ahead","Bin","2020-EW10","Evan what goes here?"
"386","12.3",0,"3 wk ahead","Bin","2020-EW10","Evan what goes here?"
"387","12.4",0,"3 wk ahead","Bin","2020-EW10","Evan what goes here?"
"388","12.5",0,"3 wk ahead","Bin","2020-EW10","Evan what goes here?"
"389","12.6",0,"3 wk ahead","Bin","2020-EW10","Evan what goes here?"
"390","12.7",0,"3 wk ahead","Bin","2020-EW10","Evan what goes here?"
"391","12.8",0,"3 wk ahead","Bin","2020-EW10","Evan what goes here?"
"392","12.9",0,"3 wk ahead","Bin","2020-EW10","Evan what goes here?"
"393","13",0.002,"3 wk ahead","Bin","2020-EW10","Evan what goes here?"
"394","0",0,"4 wk ahead","Bin","2020-EW10","Evan what goes here?"
"395","0.1",0,"4 wk ahead","Bin","2020-EW10","Evan what goes here?"
"396","0.2",0,"4 wk ahead","Bin","2020-EW10","Evan what goes here?"
"397","0.3",0,"4 wk ahead","Bin","2020-EW10","Evan what goes here?"
"398","0.4",0,"4 wk ahead","Bin","2020-EW10","Evan what goes here?"
"399","0.5",0,"4 wk ahead","Bin","2020-EW10","Evan what goes here?"
"400","0.6",0,"4 wk ahead","Bin","2020-EW10","Evan what goes here?"
"401","0.7",0,"4 wk ahead","Bin","2020-EW10","Evan what goes here?"
"402","0.8",0,"4 wk ahead","Bin","2020-EW10","Evan what goes here?"
"403","0.9",0,"4 wk ahead","Bin","2020-EW10","Evan what goes here?"
"404","1",0,"4 wk ahead","Bin","2020-EW10","Evan what goes here?"
"405","1.1",0,"4 wk ahead","Bin","2020-EW10","Evan what goes here?"
"406","1.2",0,"4 wk ahead","Bin","2020-EW10","Evan what goes here?"
"407","1.3",0,"4 wk ahead","Bin","2020-EW10","Evan what goes here?"
"408","1.4",0.002,"4 wk ahead","Bin","2020-EW10","Evan what goes here?"
"409","1.5",0.004,"4 wk ahead","Bin","2020-EW10","Evan what goes here?"
"410","1.6",0.006,"4 wk ahead","Bin","2020-EW10","Evan what goes here?"
"411","1.7",0.011,"4 wk ahead","Bin","2020-EW10","Evan what goes here?"
"412","1.8",0.012,"4 wk ahead","Bin","2020-EW10","Evan what goes here?"
"413","1.9",0.018,"4 wk ahead","Bin","2020-EW10","Evan what goes here?"
"414","2",0.018,"4 wk ahead","Bin","2020-EW10","Evan what goes here?"
"415","2.1",0.022,"4 wk ahead","Bin","2020-EW10","Evan what goes here?"
"416","2.2",0.035,"4 wk ahead","Bin","2020-EW10","Evan what goes here?"
"417","2.3",0.033,"4 wk ahead","Bin","2020-EW10","Evan what goes here?"
"418","2.4",0.038,"4 wk ahead","Bin","2020-EW10","Evan what goes here?"
"419","2.5",0.028,"4 wk ahead","Bin","2020-EW10","Evan what goes here?"
"420","2.6",0.041,"4 wk ahead","Bin","2020-EW10","Evan what goes here?"
"421","2.7",0.048,"4 wk ahead","Bin","2020-EW10","Evan what goes here?"
"422","2.8",0.039,"4 wk ahead","Bin","2020-EW10","Evan what goes here?"
"423","2.9",0.038,"4 wk ahead","Bin","2020-EW10","Evan what goes here?"
"424","3",0.035,"4 wk ahead","Bin","2020-EW10","Evan what goes here?"
"425","3.1",0.04,"4 wk ahead","Bin","2020-EW10","Evan what goes here?"
"426","3.2",0.038,"4 wk ahead","Bin","2020-EW10","Evan what goes here?"
"427","3.3",0.031,"4 wk ahead","Bin","2020-EW10","Evan what goes here?"
"428","3.4",0.044,"4 wk ahead","Bin","2020-EW10","Evan what goes here?"
"429","3.5",0.024,"4 wk ahead","Bin","2020-EW10","Evan what goes here?"
"430","3.6",0.036,"4 wk ahead","Bin","2020-EW10","Evan what goes here?"
"431","3.7",0.024,"4 wk ahead","Bin","2020-EW10","Evan what goes here?"
"432","3.8",0.033,"4 wk ahead","Bin","2020-EW10","Evan what goes here?"
"433","3.9",0.037,"4 wk ahead","Bin","2020-EW10","Evan what goes here?"
"434","4",0.026,"4 wk ahead","Bin","2020-EW10","Evan what goes here?"
"435","4.1",0.023,"4 wk ahead","Bin","2020-EW10","Evan what goes here?"
"436","4.2",0.019,"4 wk ahead","Bin","2020-EW10","Evan what goes here?"
"437","4.3",0.012,"4 wk ahead","Bin","2020-EW10","Evan what goes here?"
"438","4.4",0.018,"4 wk ahead","Bin","2020-EW10","Evan what goes here?"
"439","4.5",0.009,"4 wk ahead","Bin","2020-EW10","Evan what goes here?"
"440","4.6",0.012,"4 wk ahead","Bin","2020-EW10","Evan what goes here?"
"441","4.7",0.011,"4 wk ahead","Bin","2020-EW10","Evan what goes here?"
"442","4.8",0.01,"4 wk ahead","Bin","2020-EW10","Evan what goes here?"
"443","4.9",0.005,"4 wk ahead","Bin","2020-EW10","Evan what goes here?"
"444","5",0.008,"4 wk ahead","Bin","2020-EW10","Evan what goes here?"
"445","5.1",0.009,"4 wk ahead","Bin","2020-EW10","Evan what goes here?"
"446","5.2",0.007,"4 wk ahead","Bin","2020-EW10","Evan what goes here?"
"447","5.3",0.009,"4 wk ahead","Bin","2020-EW10","Evan what goes here?"
"448","5.4",0.007,"4 wk ahead","Bin","2020-EW10","Evan what goes here?"
"449","5.5",0.005,"4 wk ahead","Bin","2020-EW10","Evan what goes here?"
"450","5.6",0.004,"4 wk ahead","Bin","2020-EW10","Evan what goes here?"
"451","5.7",0.009,"4 wk ahead","Bin","2020-EW10","Evan what goes here?"
"452","5.8",0.005,"4 wk ahead","Bin","2020-EW10","Evan what goes here?"
"453","5.9",0.003,"4 wk ahead","Bin","2020-EW10","Evan what goes here?"
"454","6",0.005,"4 wk ahead","Bin","2020-EW10","Evan what goes here?"
"455","6.1",0.003,"4 wk ahead","Bin","2020-EW10","Evan what goes here?"
"456","6.2",0.004,"4 wk ahead","Bin","2020-EW10","Evan what goes here?"
"457","6.3",0.005,"4 wk ahead","Bin","2020-EW10","Evan what goes here?"
"458","6.4",0.004,"4 wk ahead","Bin","2020-EW10","Evan what goes here?"
"459","6.5",0.004,"4 wk ahead","Bin","2020-EW10","Evan what goes here?"
"460","6.6",0.001,"4 wk ahead","Bin","2020-EW10","Evan what goes here?"
"461","6.7",0.003,"4 wk ahead","Bin","2020-EW10","Evan what goes here?"
"462","6.8",0.002,"4 wk ahead","Bin","2020-EW10","Evan what goes here?"
"463","6.9",0.002,"4 wk ahead","Bin","2020-EW10","Evan what goes here?"
"464","7",0.003,"4 wk ahead","Bin","2020-EW10","Evan what goes here?"
"465","7.1",0.003,"4 wk ahead","Bin","2020-EW10","Evan what goes here?"
"466","7.2",0,"4 wk ahead","Bin","2020-EW10","Evan what goes here?"
"467","7.3",0.001,"4 wk ahead","Bin","2020-EW10","Evan what goes here?"
"468","7.4",0,"4 wk ahead","Bin","2020-EW10","Evan what goes here?"
"469","7.5",0.002,"4 wk ahead","Bin","2020-EW10","Evan what goes here?"
"470","7.6",0.001,"4 wk ahead","Bin","2020-EW10","Evan what goes here?"
"471","7.7",0,"4 wk ahead","Bin","2020-EW10","Evan what goes here?"
"472","7.8",0,"4 wk ahead","Bin","2020-EW10","Evan what goes here?"
"473","7.9",0,"4 wk ahead","Bin","2020-EW10","Evan what goes here?"
"474","8",0,"4 wk ahead","Bin","2020-EW10","Evan what goes here?"
"475","8.1",0,"4 wk ahead","Bin","2020-EW10","Evan what goes here?"
"476","8.2",0,"4 wk ahead","Bin","2020-EW10","Evan what goes here?"
"477","8.3",0,"4 wk ahead","Bin","2020-EW10","Evan what goes here?"
"478","8.4",0.002,"4 wk ahead","Bin","2020-EW10","Evan what goes here?"
"479","8.5",0,"4 wk ahead","Bin","2020-EW10","Evan what goes here?"
"480","8.6",0,"4 wk ahead","Bin","2020-EW10","Evan what goes here?"
"481","8.7",0,"4 wk ahead","Bin","2020-EW10","Evan what goes here?"
"482","8.8",0,"4 wk ahead","Bin","2020-EW10","Evan what goes here?"
"483","8.9",0,"4 wk ahead","Bin","2020-EW10","Evan what goes here?"
"484","9",0.001,"4 wk ahead","Bin","2020-EW10","Evan what goes here?"
"485","9.1",0,"4 wk ahead","Bin","2020-EW10","Evan what goes here?"
"486","9.2",0,"4 wk ahead","Bin","2020-EW10","Evan what goes here?"
"487","9.3",0.001,"4 wk ahead","Bin","2020-EW10","Evan what goes here?"
"488","9.4",0,"4 wk ahead","Bin","2020-EW10","Evan what goes here?"
"489","9.5",0,"4 wk ahead","Bin","2020-EW10","Evan what goes here?"
"490","9.6",0,"4 wk ahead","Bin","2020-EW10","Evan what goes here?"
"491","9.7",0,"4 wk ahead","Bin","2020-EW10","Evan what goes here?"
"492","9.8",0.001,"4 wk ahead","Bin","2020-EW10","Evan what goes here?"
"493","9.9",0,"4 wk ahead","Bin","2020-EW10","Evan what goes here?"
"494","10",0,"4 wk ahead","Bin","2020-EW10","Evan what goes here?"
"495","10.1",0,"4 wk ahead","Bin","2020-EW10","Evan what goes here?"
"496","10.2",0,"4 wk ahead","Bin","2020-EW10","Evan what goes here?"
"497","10.3",0,"4 wk ahead","Bin","2020-EW10","Evan what goes here?"
"498","10.4",0,"4 wk ahead","Bin","2020-EW10","Evan what goes here?"
"499","10.5",0,"4 wk ahead","Bin","2020-EW10","Evan what goes here?"
"500","10.6",0.001,"4 wk ahead","Bin","2020-EW10","Evan what goes here?"
"501","10.7",0,"4 wk ahead","Bin","2020-EW10","Evan what goes here?"
"502","10.8",0,"4 wk ahead","Bin","2020-EW10","Evan what goes here?"
"503","10.9",0.002,"4 wk ahead","Bin","2020-EW10","Evan what goes here?"
"504","11",0,"4 wk ahead","Bin","2020-EW10","Evan what goes here?"
"505","11.1",0,"4 wk ahead","Bin","2020-EW10","Evan what goes here?"
"506","11.2",0,"4 wk ahead","Bin","2020-EW10","Evan what goes here?"
"507","11.3",0,"4 wk ahead","Bin","2020-EW10","Evan what goes here?"
"508","11.4",0,"4 wk ahead","Bin","2020-EW10","Evan what goes here?"
"509","11.5",0,"4 wk ahead","Bin","2020-EW10","Evan what goes here?"
"510","11.6",0.001,"4 wk ahead","Bin","2020-EW10","Evan what goes here?"
"511","11.7",0,"4 wk ahead","Bin","2020-EW10","Evan what goes here?"
"512","11.8",0,"4 wk ahead","Bin","2020-EW10","Evan what goes here?"
"513","11.9",0,"4 wk ahead","Bin","2020-EW10","Evan what goes here?"
"514","12",0,"4 wk ahead","Bin","2020-EW10","Evan what goes here?"
"515","12.1",0,"4 wk ahead","Bin","2020-EW10","Evan what goes here?"
"516","12.2",0,"4 wk ahead","Bin","2020-EW10","Evan what goes here?"
"517","12.3",0,"4 wk ahead","Bin","2020-EW10","Evan what goes here?"
"518","12.4",0,"4 wk ahead","Bin","2020-EW10","Evan what goes here?"
"519","12.5",0,"4 wk ahead","Bin","2020-EW10","Evan what goes here?"
"520","12.6",0,"4 wk ahead","Bin","2020-EW10","Evan what goes here?"
"521","12.7",0,"4 wk ahead","Bin","2020-EW10","Evan what goes here?"
"522","12.8",0,"4 wk ahead","Bin","2020-EW10","Evan what goes here?"
"523","12.9",0,"4 wk ahead","Bin","2020-EW10","Evan what goes here?"
"524","13",0.002,"4 wk ahead","Bin","2020-EW10","Evan what goes here?"
"525","0",0,"5 wk ahead","Bin","2020-EW10","Evan what goes here?"
"526","0.1",0,"5 wk ahead","Bin","2020-EW10","Evan what goes here?"
"527","0.2",0,"5 wk ahead","Bin","2020-EW10","Evan what goes here?"
"528","0.3",0,"5 wk ahead","Bin","2020-EW10","Evan what goes here?"
"529","0.4",0,"5 wk ahead","Bin","2020-EW10","Evan what goes here?"
"530","0.5",0,"5 wk ahead","Bin","2020-EW10","Evan what goes here?"
"531","0.6",0,"5 wk ahead","Bin","2020-EW10","Evan what goes here?"
"532","0.7",0,"5 wk ahead","Bin","2020-EW10","Evan what goes here?"
"533","0.8",0,"5 wk ahead","Bin","2020-EW10","Evan what goes here?"
"534","0.9",0,"5 wk ahead","Bin","2020-EW10","Evan what goes here?"
"535","1",0.001,"5 wk ahead","Bin","2020-EW10","Evan what goes here?"
"536","1.1",0.001,"5 wk ahead","Bin","2020-EW10","Evan what goes here?"
"537","1.2",0.001,"5 wk ahead","Bin","2020-EW10","Evan what goes here?"
"538","1.3",0.003,"5 wk ahead","Bin","2020-EW10","Evan what goes here?"
"539","1.4",0.003,"5 wk ahead","Bin","2020-EW10","Evan what goes here?"
"540","1.5",0.007,"5 wk ahead","Bin","2020-EW10","Evan what goes here?"
"541","1.6",0.014,"5 wk ahead","Bin","2020-EW10","Evan what goes here?"
"542","1.7",0.01,"5 wk ahead","Bin","2020-EW10","Evan what goes here?"
"543","1.8",0.029,"5 wk ahead","Bin","2020-EW10","Evan what goes here?"
"544","1.9",0.019,"5 wk ahead","Bin","2020-EW10","Evan what goes here?"
"545","2",0.038,"5 wk ahead","Bin","2020-EW10","Evan what goes here?"
"546","2.1",0.031,"5 wk ahead","Bin","2020-EW10","Evan what goes here?"
"547","2.2",0.043,"5 wk ahead","Bin","2020-EW10","Evan what goes here?"
"548","2.3",0.044,"5 wk ahead","Bin","2020-EW10","Evan what goes here?"
"549","2.4",0.04,"5 wk ahead","Bin","2020-EW10","Evan what goes here?"
"550","2.5",0.05,"5 wk ahead","Bin","2020-EW10","Evan what goes here?"
"551","2.6",0.041,"5 wk ahead","Bin","2020-EW10","Evan what goes here?"
"552","2.7",0.037,"5 wk ahead","Bin","2020-EW10","Evan what goes here?"
"553","2.8",0.039,"5 wk ahead","Bin","2020-EW10","Evan what goes here?"
"554","2.9",0.053,"5 wk ahead","Bin","2020-EW10","Evan what goes here?"
"555","3",0.03,"5 wk ahead","Bin","2020-EW10","Evan what goes here?"
"556","3.1",0.031,"5 wk ahead","Bin","2020-EW10","Evan what goes here?"
"557","3.2",0.028,"5 wk ahead","Bin","2020-EW10","Evan what goes here?"
"558","3.3",0.042,"5 wk ahead","Bin","2020-EW10","Evan what goes here?"
"559","3.4",0.025,"5 wk ahead","Bin","2020-EW10","Evan what goes here?"
"560","3.5",0.029,"5 wk ahead","Bin","2020-EW10","Evan what goes here?"
"561","3.6",0.029,"5 wk ahead","Bin","2020-EW10","Evan what goes here?"
"562","3.7",0.021,"5 wk ahead","Bin","2020-EW10","Evan what goes here?"
"563","3.8",0.02,"5 wk ahead","Bin","2020-EW10","Evan what goes here?"
"564","3.9",0.019,"5 wk ahead","Bin","2020-EW10","Evan what goes here?"
"565","4",0.022,"5 wk ahead","Bin","2020-EW10","Evan what goes here?"
"566","4.1",0.022,"5 wk ahead","Bin","2020-EW10","Evan what goes here?"
"567","4.2",0.016,"5 wk ahead","Bin","2020-EW10","Evan what goes here?"
"568","4.3",0.012,"5 wk ahead","Bin","2020-EW10","Evan what goes here?"
"569","4.4",0.015,"5 wk ahead","Bin","2020-EW10","Evan what goes here?"
"570","4.5",0.014,"5 wk ahead","Bin","2020-EW10","Evan what goes here?"
"571","4.6",0.014,"5 wk ahead","Bin","2020-EW10","Evan what goes here?"
"572","4.7",0.01,"5 wk ahead","Bin","2020-EW10","Evan what goes here?"
"573","4.8",0.008,"5 wk ahead","Bin","2020-EW10","Evan what goes here?"
"574","4.9",0.005,"5 wk ahead","Bin","2020-EW10","Evan what goes here?"
"575","5",0.007,"5 wk ahead","Bin","2020-EW10","Evan what goes here?"
"576","5.1",0.006,"5 wk ahead","Bin","2020-EW10","Evan what goes here?"
"577","5.2",0.004,"5 wk ahead","Bin","2020-EW10","Evan what goes here?"
"578","5.3",0.009,"5 wk ahead","Bin","2020-EW10","Evan what goes here?"
"579","5.4",0.004,"5 wk ahead","Bin","2020-EW10","Evan what goes here?"
"580","5.5",0.007,"5 wk ahead","Bin","2020-EW10","Evan what goes here?"
"581","5.6",0.003,"5 wk ahead","Bin","2020-EW10","Evan what goes here?"
"582","5.7",0.002,"5 wk ahead","Bin","2020-EW10","Evan what goes here?"
"583","5.8",0.003,"5 wk ahead","Bin","2020-EW10","Evan what goes here?"
"584","5.9",0.003,"5 wk ahead","Bin","2020-EW10","Evan what goes here?"
"585","6",0.002,"5 wk ahead","Bin","2020-EW10","Evan what goes here?"
"586","6.1",0.003,"5 wk ahead","Bin","2020-EW10","Evan what goes here?"
"587","6.2",0.002,"5 wk ahead","Bin","2020-EW10","Evan what goes here?"
"588","6.3",0.002,"5 wk ahead","Bin","2020-EW10","Evan what goes here?"
"589","6.4",0.003,"5 wk ahead","Bin","2020-EW10","Evan what goes here?"
"590","6.5",0,"5 wk ahead","Bin","2020-EW10","Evan what goes here?"
"591","6.6",0.004,"5 wk ahead","Bin","2020-EW10","Evan what goes here?"
"592","6.7",0.001,"5 wk ahead","Bin","2020-EW10","Evan what goes here?"
"593","6.8",0.001,"5 wk ahead","Bin","2020-EW10","Evan what goes here?"
"594","6.9",0.002,"5 wk ahead","Bin","2020-EW10","Evan what goes here?"
"595","7",0,"5 wk ahead","Bin","2020-EW10","Evan what goes here?"
"596","7.1",0,"5 wk ahead","Bin","2020-EW10","Evan what goes here?"
"597","7.2",0,"5 wk ahead","Bin","2020-EW10","Evan what goes here?"
"598","7.3",0,"5 wk ahead","Bin","2020-EW10","Evan what goes here?"
"599","7.4",0,"5 wk ahead","Bin","2020-EW10","Evan what goes here?"
"600","7.5",0.001,"5 wk ahead","Bin","2020-EW10","Evan what goes here?"
"601","7.6",0.002,"5 wk ahead","Bin","2020-EW10","Evan what goes here?"
"602","7.7",0,"5 wk ahead","Bin","2020-EW10","Evan what goes here?"
"603","7.8",0.002,"5 wk ahead","Bin","2020-EW10","Evan what goes here?"
"604","7.9",0,"5 wk ahead","Bin","2020-EW10","Evan what goes here?"
"605","8",0.001,"5 wk ahead","Bin","2020-EW10","Evan what goes here?"
"606","8.1",0,"5 wk ahead","Bin","2020-EW10","Evan what goes here?"
"607","8.2",0.001,"5 wk ahead","Bin","2020-EW10","Evan what goes here?"
"608","8.3",0,"5 wk ahead","Bin","2020-EW10","Evan what goes here?"
"609","8.4",0,"5 wk ahead","Bin","2020-EW10","Evan what goes here?"
"610","8.5",0,"5 wk ahead","Bin","2020-EW10","Evan what goes here?"
"611","8.6",0,"5 wk ahead","Bin","2020-EW10","Evan what goes here?"
"612","8.7",0,"5 wk ahead","Bin","2020-EW10","Evan what goes here?"
"613","8.8",0,"5 wk ahead","Bin","2020-EW10","Evan what goes here?"
"614","8.9",0.001,"5 wk ahead","Bin","2020-EW10","Evan what goes here?"
"615","9",0,"5 wk ahead","Bin","2020-EW10","Evan what goes here?"
"616","9.1",0,"5 wk ahead","Bin","2020-EW10","Evan what goes here?"
"617","9.2",0.001,"5 wk ahead","Bin","2020-EW10","Evan what goes here?"
"618","9.3",0.002,"5 wk ahead","Bin","2020-EW10","Evan what goes here?"
"619","9.4",0,"5 wk ahead","Bin","2020-EW10","Evan what goes here?"
"620","9.5",0,"5 wk ahead","Bin","2020-EW10","Evan what goes here?"
"621","9.6",0,"5 wk ahead","Bin","2020-EW10","Evan what goes here?"
"622","9.7",0,"5 wk ahead","Bin","2020-EW10","Evan what goes here?"
"623","9.8",0,"5 wk ahead","Bin","2020-EW10","Evan what goes here?"
"624","9.9",0,"5 wk ahead","Bin","2020-EW10","Evan what goes here?"
"625","10",0,"5 wk ahead","Bin","2020-EW10","Evan what goes here?"
"626","10.1",0,"5 wk ahead","Bin","2020-EW10","Evan what goes here?"
"627","10.2",0,"5 wk ahead","Bin","2020-EW10","Evan what goes here?"
"628","10.3",0,"5 wk ahead","Bin","2020-EW10","Evan what goes here?"
"629","10.4",0,"5 wk ahead","Bin","2020-EW10","Evan what goes here?"
"630","10.5",0,"5 wk ahead","Bin","2020-EW10","Evan what goes here?"
"631","10.6",0,"5 wk ahead","Bin","2020-EW10","Evan what goes here?"
"632","10.7",0.001,"5 wk ahead","Bin","2020-EW10","Evan what goes here?"
"633","10.8",0,"5 wk ahead","Bin","2020-EW10","Evan what goes here?"
"634","10.9",0,"5 wk ahead","Bin","2020-EW10","Evan what goes here?"
"635","11",0,"5 wk ahead","Bin","2020-EW10","Evan what goes here?"
"636","11.1",0,"5 wk ahead","Bin","2020-EW10","Evan what goes here?"
"637","11.2",0,"5 wk ahead","Bin","2020-EW10","Evan what goes here?"
"638","11.3",0,"5 wk ahead","Bin","2020-EW10","Evan what goes here?"
"639","11.4",0,"5 wk ahead","Bin","2020-EW10","Evan what goes here?"
"640","11.5",0.001,"5 wk ahead","Bin","2020-EW10","Evan what goes here?"
"641","11.6",0,"5 wk ahead","Bin","2020-EW10","Evan what goes here?"
"642","11.7",0,"5 wk ahead","Bin","2020-EW10","Evan what goes here?"
"643","11.8",0,"5 wk ahead","Bin","2020-EW10","Evan what goes here?"
"644","11.9",0,"5 wk ahead","Bin","2020-EW10","Evan what goes here?"
"645","12",0,"5 wk ahead","Bin","2020-EW10","Evan what goes here?"
"646","12.1",0.001,"5 wk ahead","Bin","2020-EW10","Evan what goes here?"
"647","12.2",0,"5 wk ahead","Bin","2020-EW10","Evan what goes here?"
"648","12.3",0,"5 wk ahead","Bin","2020-EW10","Evan what goes here?"
"649","12.4",0,"5 wk ahead","Bin","2020-EW10","Evan what goes here?"
"650","12.5",0,"5 wk ahead","Bin","2020-EW10","Evan what goes here?"
"651","12.6",0,"5 wk ahead","Bin","2020-EW10","Evan what goes here?"
"652","12.7",0.001,"5 wk ahead","Bin","2020-EW10","Evan what goes here?"
"653","12.8",0,"5 wk ahead","Bin","2020-EW10","Evan what goes here?"
"654","12.9",0,"5 wk ahead","Bin","2020-EW10","Evan what goes here?"
"655","13",0.001,"5 wk ahead","Bin","2020-EW10","Evan what goes here?"
"656","0",0,"6 wk ahead","Bin","2020-EW10","Evan what goes here?"
"657","0.1",0,"6 wk ahead","Bin","2020-EW10","Evan what goes here?"
"658","0.2",0,"6 wk ahead","Bin","2020-EW10","Evan what goes here?"
"659","0.3",0,"6 wk ahead","Bin","2020-EW10","Evan what goes here?"
"660","0.4",0,"6 wk ahead","Bin","2020-EW10","Evan what goes here?"
"661","0.5",0,"6 wk ahead","Bin","2020-EW10","Evan what goes here?"
"662","0.6",0,"6 wk ahead","Bin","2020-EW10","Evan what goes here?"
"663","0.7",0,"6 wk ahead","Bin","2020-EW10","Evan what goes here?"
"664","0.8",0,"6 wk ahead","Bin","2020-EW10","Evan what goes here?"
"665","0.9",0,"6 wk ahead","Bin","2020-EW10","Evan what goes here?"
"666","1",0,"6 wk ahead","Bin","2020-EW10","Evan what goes here?"
"667","1.1",0.001,"6 wk ahead","Bin","2020-EW10","Evan what goes here?"
"668","1.2",0.004,"6 wk ahead","Bin","2020-EW10","Evan what goes here?"
"669","1.3",0.012,"6 wk ahead","Bin","2020-EW10","Evan what goes here?"
"670","1.4",0.021,"6 wk ahead","Bin","2020-EW10","Evan what goes here?"
"671","1.5",0.021,"6 wk ahead","Bin","2020-EW10","Evan what goes here?"
"672","1.6",0.019,"6 wk ahead","Bin","2020-EW10","Evan what goes here?"
"673","1.7",0.043,"6 wk ahead","Bin","2020-EW10","Evan what goes here?"
"674","1.8",0.049,"6 wk ahead","Bin","2020-EW10","Evan what goes here?"
"675","1.9",0.039,"6 wk ahead","Bin","2020-EW10","Evan what goes here?"
"676","2",0.045,"6 wk ahead","Bin","2020-EW10","Evan what goes here?"
"677","2.1",0.051,"6 wk ahead","Bin","2020-EW10","Evan what goes here?"
"678","2.2",0.054,"6 wk ahead","Bin","2020-EW10","Evan what goes here?"
"679","2.3",0.049,"6 wk ahead","Bin","2020-EW10","Evan what goes here?"
"680","2.4",0.043,"6 wk ahead","Bin","2020-EW10","Evan what goes here?"
"681","2.5",0.05,"6 wk ahead","Bin","2020-EW10","Evan what goes here?"
"682","2.6",0.054,"6 wk ahead","Bin","2020-EW10","Evan what goes here?"
"683","2.7",0.045,"6 wk ahead","Bin","2020-EW10","Evan what goes here?"
"684","2.8",0.046,"6 wk ahead","Bin","2020-EW10","Evan what goes here?"
"685","2.9",0.039,"6 wk ahead","Bin","2020-EW10","Evan what goes here?"
"686","3",0.038,"6 wk ahead","Bin","2020-EW10","Evan what goes here?"
"687","3.1",0.038,"6 wk ahead","Bin","2020-EW10","Evan what goes here?"
"688","3.2",0.024,"6 wk ahead","Bin","2020-EW10","Evan what goes here?"
"689","3.3",0.026,"6 wk ahead","Bin","2020-EW10","Evan what goes here?"
"690","3.4",0.023,"6 wk ahead","Bin","2020-EW10","Evan what goes here?"
"691","3.5",0.019,"6 wk ahead","Bin","2020-EW10","Evan what goes here?"
"692","3.6",0.013,"6 wk ahead","Bin","2020-EW10","Evan what goes here?"
"693","3.7",0.013,"6 wk ahead","Bin","2020-EW10","Evan what goes here?"
"694","3.8",0.01,"6 wk ahead","Bin","2020-EW10","Evan what goes here?"
"695","3.9",0.011,"6 wk ahead","Bin","2020-EW10","Evan what goes here?"
"696","4",0.008,"6 wk ahead","Bin","2020-EW10","Evan what goes here?"
"697","4.1",0.012,"6 wk ahead","Bin","2020-EW10","Evan what goes here?"
"698","4.2",0.008,"6 wk ahead","Bin","2020-EW10","Evan what goes here?"
"699","4.3",0.01,"6 wk ahead","Bin","2020-EW10","Evan what goes here?"
"700","4.4",0.004,"6 wk ahead","Bin","2020-EW10","Evan what goes here?"
"701","4.5",0.004,"6 wk ahead","Bin","2020-EW10","Evan what goes here?"
"702","4.6",0.008,"6 wk ahead","Bin","2020-EW10","Evan what goes here?"
"703","4.7",0.002,"6 wk ahead","Bin","2020-EW10","Evan what goes here?"
"704","4.8",0.002,"6 wk ahead","Bin","2020-EW10","Evan what goes here?"
"705","4.9",0.008,"6 wk ahead","Bin","2020-EW10","Evan what goes here?"
"706","5",0.004,"6 wk ahead","Bin","2020-EW10","Evan what goes here?"
"707","5.1",0.003,"6 wk ahead","Bin","2020-EW10","Evan what goes here?"
"708","5.2",0.002,"6 wk ahead","Bin","2020-EW10","Evan what goes here?"
"709","5.3",0.003,"6 wk ahead","Bin","2020-EW10","Evan what goes here?"
"710","5.4",0.001,"6 wk ahead","Bin","2020-EW10","Evan what goes here?"
"711","5.5",0.002,"6 wk ahead","Bin","2020-EW10","Evan what goes here?"
"712","5.6",0,"6 wk ahead","Bin","2020-EW10","Evan what goes here?"
"713","5.7",0.001,"6 wk ahead","Bin","2020-EW10","Evan what goes here?"
"714","5.8",0.004,"6 wk ahead","Bin","2020-EW10","Evan what goes here?"
"715","5.9",0,"6 wk ahead","Bin","2020-EW10","Evan what goes here?"
"716","6",0.001,"6 wk ahead","Bin","2020-EW10","Evan what goes here?"
"717","6.1",0,"6 wk ahead","Bin","2020-EW10","Evan what goes here?"
"718","6.2",0,"6 wk ahead","Bin","2020-EW10","Evan what goes here?"
"719","6.3",0.003,"6 wk ahead","Bin","2020-EW10","Evan what goes here?"
"720","6.4",0,"6 wk ahead","Bin","2020-EW10","Evan what goes here?"
"721","6.5",0.002,"6 wk ahead","Bin","2020-EW10","Evan what goes here?"
"722","6.6",0.001,"6 wk ahead","Bin","2020-EW10","Evan what goes here?"
"723","6.7",0.001,"6 wk ahead","Bin","2020-EW10","Evan what goes here?"
"724","6.8",0.001,"6 wk ahead","Bin","2020-EW10","Evan what goes here?"
"725","6.9",0,"6 wk ahead","Bin","2020-EW10","Evan what goes here?"
"726","7",0.001,"6 wk ahead","Bin","2020-EW10","Evan what goes here?"
"727","7.1",0,"6 wk ahead","Bin","2020-EW10","Evan what goes here?"
"728","7.2",0,"6 wk ahead","Bin","2020-EW10","Evan what goes here?"
"729","7.3",0,"6 wk ahead","Bin","2020-EW10","Evan what goes here?"
"730","7.4",0,"6 wk ahead","Bin","2020-EW10","Evan what goes here?"
"731","7.5",0,"6 wk ahead","Bin","2020-EW10","Evan what goes here?"
"732","7.6",0.001,"6 wk ahead","Bin","2020-EW10","Evan what goes here?"
"733","7.7",0,"6 wk ahead","Bin","2020-EW10","Evan what goes here?"
"734","7.8",0,"6 wk ahead","Bin","2020-EW10","Evan what goes here?"
"735","7.9",0,"6 wk ahead","Bin","2020-EW10","Evan what goes here?"
"736","8",0,"6 wk ahead","Bin","2020-EW10","Evan what goes here?"
"737","8.1",0,"6 wk ahead","Bin","2020-EW10","Evan what goes here?"
"738","8.2",0,"6 wk ahead","Bin","2020-EW10","Evan what goes here?"
"739","8.3",0,"6 wk ahead","Bin","2020-EW10","Evan what goes here?"
"740","8.4",0,"6 wk ahead","Bin","2020-EW10","Evan what goes here?"
"741","8.5",0,"6 wk ahead","Bin","2020-EW10","Evan what goes here?"
"742","8.6",0,"6 wk ahead","Bin","2020-EW10","Evan what goes here?"
"743","8.7",0,"6 wk ahead","Bin","2020-EW10","Evan what goes here?"
"744","8.8",0.001,"6 wk ahead","Bin","2020-EW10","Evan what goes here?"
"745","8.9",0,"6 wk ahead","Bin","2020-EW10","Evan what goes here?"
"746","9",0,"6 wk ahead","Bin","2020-EW10","Evan what goes here?"
"747","9.1",0,"6 wk ahead","Bin","2020-EW10","Evan what goes here?"
"748","9.2",0,"6 wk ahead","Bin","2020-EW10","Evan what goes here?"
"749","9.3",0,"6 wk ahead","Bin","2020-EW10","Evan what goes here?"
"750","9.4",0,"6 wk ahead","Bin","2020-EW10","Evan what goes here?"
"751","9.5",0,"6 wk ahead","Bin","2020-EW10","Evan what goes here?"
"752","9.6",0,"6 wk ahead","Bin","2020-EW10","Evan what goes here?"
"753","9.7",0,"6 wk ahead","Bin","2020-EW10","Evan what goes here?"
"754","9.8",0.001,"6 wk ahead","Bin","2020-EW10","Evan what goes here?"
"755","9.9",0,"6 wk ahead","Bin","2020-EW10","Evan what goes here?"
"756","10",0.001,"6 wk ahead","Bin","2020-EW10","Evan what goes here?"
"757","10.1",0,"6 wk ahead","Bin","2020-EW10","Evan what goes here?"
"758","10.2",0,"6 wk ahead","Bin","2020-EW10","Evan what goes here?"
"759","10.3",0,"6 wk ahead","Bin","2020-EW10","Evan what goes here?"
"760","10.4",0,"6 wk ahead","Bin","2020-EW10","Evan what goes here?"
"761","10.5",0,"6 wk ahead","Bin","2020-EW10","Evan what goes here?"
"762","10.6",0,"6 wk ahead","Bin","2020-EW10","Evan what goes here?"
"763","10.7",0,"6 wk ahead","Bin","2020-EW10","Evan what goes here?"
"764","10.8",0,"6 wk ahead","Bin","2020-EW10","Evan what goes here?"
"765","10.9",0,"6 wk ahead","Bin","2020-EW10","Evan what goes here?"
"766","11",0,"6 wk ahead","Bin","2020-EW10","Evan what goes here?"
"767","11.1",0,"6 wk ahead","Bin","2020-EW10","Evan what goes here?"
"768","11.2",0,"6 wk ahead","Bin","2020-EW10","Evan what goes here?"
"769","11.3",0,"6 wk ahead","Bin","2020-EW10","Evan what goes here?"
"770","11.4",0,"6 wk ahead","Bin","2020-EW10","Evan what goes here?"
"771","11.5",0,"6 wk ahead","Bin","2020-EW10","Evan what goes here?"
"772","11.6",0,"6 wk ahead","Bin","2020-EW10","Evan what goes here?"
"773","11.7",0,"6 wk ahead","Bin","2020-EW10","Evan what goes here?"
"774","11.8",0,"6 wk ahead","Bin","2020-EW10","Evan what goes here?"
"775","11.9",0,"6 wk ahead","Bin","2020-EW10","Evan what goes here?"
"776","12",0,"6 wk ahead","Bin","2020-EW10","Evan what goes here?"
"777","12.1",0,"6 wk ahead","Bin","2020-EW10","Evan what goes here?"
"778","12.2",0,"6 wk ahead","Bin","2020-EW10","Evan what goes here?"
"779","12.3",0,"6 wk ahead","Bin","2020-EW10","Evan what goes here?"
"780","12.4",0,"6 wk ahead","Bin","2020-EW10","Evan what goes here?"
"781","12.5",0,"6 wk ahead","Bin","2020-EW10","Evan what goes here?"
"782","12.6",0,"6 wk ahead","Bin","2020-EW10","Evan what goes here?"
"783","12.7",0,"6 wk ahead","Bin","2020-EW10","Evan what goes here?"
"784","12.8",0,"6 wk ahead","Bin","2020-EW10","Evan what goes here?"
"785","12.9",0,"6 wk ahead","Bin","2020-EW10","Evan what goes here?"
"786","13",0,"6 wk ahead","Bin","2020-EW10","Evan what goes here?"
"787","2019-EW40",0,"Peak Week","Bin","2020-EW10","Evan what goes here?"
"788","2019-EW41",0,"Peak Week","Bin","2020-EW10","Evan what goes here?"
"789","2019-EW42",0,"Peak Week","Bin","2020-EW10","Evan what goes here?"
"790","2019-EW43",0,"Peak Week","Bin","2020-EW10","Evan what goes here?"
"791","2019-EW44",0,"Peak Week","Bin","2020-EW10","Evan what goes here?"
"792","2019-EW45",0,"Peak Week","Bin","2020-EW10","Evan what goes here?"
"793","2019-EW46",0,"Peak Week","Bin","2020-EW10","Evan what goes here?"
"794","2019-EW47",0,"Peak Week","Bin","2020-EW10","Evan what goes here?"
"795","2019-EW48",0,"Peak Week","Bin","2020-EW10","Evan what goes here?"
"796","2019-EW49",0,"Peak Week","Bin","2020-EW10","Evan what goes here?"
"797","2019-EW50",0,"Peak Week","Bin","2020-EW10","Evan what goes here?"
"798","2019-EW51",0,"Peak Week","Bin","2020-EW10","Evan what goes here?"
"799","2019-EW52",0,"Peak Week","Bin","2020-EW10","Evan what goes here?"
"800","2020-EW01",0,"Peak Week","Bin","2020-EW10","Evan what goes here?"
"801","2020-EW02",0,"Peak Week","Bin","2020-EW10","Evan what goes here?"
"802","2020-EW03",0,"Peak Week","Bin","2020-EW10","Evan what goes here?"
"803","2020-EW04",0,"Peak Week","Bin","2020-EW10","Evan what goes here?"
"804","2020-EW05",0,"Peak Week","Bin","2020-EW10","Evan what goes here?"
"805","2020-EW06",0.884,"Peak Week","Bin","2020-EW10","Evan what goes here?"
"806","2020-EW07",0,"Peak Week","Bin","2020-EW10","Evan what goes here?"
"807","2020-EW08",0,"Peak Week","Bin","2020-EW10","Evan what goes here?"
"808","2020-EW09",0,"Peak Week","Bin","2020-EW10","Evan what goes here?"
"809","2020-EW10",0,"Peak Week","Bin","2020-EW10","Evan what goes here?"
"810","2020-EW11",0.017,"Peak Week","Bin","2020-EW10","Evan what goes here?"
"811","2020-EW12",0.009,"Peak Week","Bin","2020-EW10","Evan what goes here?"
"812","2020-EW13",0.035,"Peak Week","Bin","2020-EW10","Evan what goes here?"
"813","2020-EW14",0.029,"Peak Week","Bin","2020-EW10","Evan what goes here?"
"814","2020-EW15",0.02,"Peak Week","Bin","2020-EW10","Evan what goes here?"
"815","2020-EW16",0.006,"Peak Week","Bin","2020-EW10","Evan what goes here?"
"816","2020-EW17",0,"Peak Week","Bin","2020-EW10","Evan what goes here?"
"817","2020-EW18",0,"Peak Week","Bin","2020-EW10","Evan what goes here?"
"818","2020-EW19",0,"Peak Week","Bin","2020-EW10","Evan what goes here?"
"819","2020-EW20",0,"Peak Week","Bin","2020-EW10","Evan what goes here?"
"820","0",0,"Peak Percentage","Bin","2020-EW10","Evan what goes here?"
"821","0.1",0,"Peak Percentage","Bin","2020-EW10","Evan what goes here?"
"822","0.2",0,"Peak Percentage","Bin","2020-EW10","Evan what goes here?"
"823","0.3",0,"Peak Percentage","Bin","2020-EW10","Evan what goes here?"
"824","0.4",0,"Peak Percentage","Bin","2020-EW10","Evan what goes here?"
"825","0.5",0,"Peak Percentage","Bin","2020-EW10","Evan what goes here?"
"826","0.6",0,"Peak Percentage","Bin","2020-EW10","Evan what goes here?"
"827","0.7",0,"Peak Percentage","Bin","2020-EW10","Evan what goes here?"
"828","0.8",0,"Peak Percentage","Bin","2020-EW10","Evan what goes here?"
"829","0.9",0,"Peak Percentage","Bin","2020-EW10","Evan what goes here?"
"830","1",0,"Peak Percentage","Bin","2020-EW10","Evan what goes here?"
"831","1.1",0,"Peak Percentage","Bin","2020-EW10","Evan what goes here?"
"832","1.2",0,"Peak Percentage","Bin","2020-EW10","Evan what goes here?"
"833","1.3",0,"Peak Percentage","Bin","2020-EW10","Evan what goes here?"
"834","1.4",0,"Peak Percentage","Bin","2020-EW10","Evan what goes here?"
"835","1.5",0,"Peak Percentage","Bin","2020-EW10","Evan what goes here?"
"836","1.6",0,"Peak Percentage","Bin","2020-EW10","Evan what goes here?"
"837","1.7",0,"Peak Percentage","Bin","2020-EW10","Evan what goes here?"
"838","1.8",0,"Peak Percentage","Bin","2020-EW10","Evan what goes here?"
"839","1.9",0,"Peak Percentage","Bin","2020-EW10","Evan what goes here?"
"840","2",0,"Peak Percentage","Bin","2020-EW10","Evan what goes here?"
"841","2.1",0,"Peak Percentage","Bin","2020-EW10","Evan what goes here?"
"842","2.2",0,"Peak Percentage","Bin","2020-EW10","Evan what goes here?"
"843","2.3",0,"Peak Percentage","Bin","2020-EW10","Evan what goes here?"
"844","2.4",0,"Peak Percentage","Bin","2020-EW10","Evan what goes here?"
"845","2.5",0,"Peak Percentage","Bin","2020-EW10","Evan what goes here?"
"846","2.6",0,"Peak Percentage","Bin","2020-EW10","Evan what goes here?"
"847","2.7",0,"Peak Percentage","Bin","2020-EW10","Evan what goes here?"
"848","2.8",0,"Peak Percentage","Bin","2020-EW10","Evan what goes here?"
"849","2.9",0,"Peak Percentage","Bin","2020-EW10","Evan what goes here?"
"850","3",0,"Peak Percentage","Bin","2020-EW10","Evan what goes here?"
"851","3.1",0,"Peak Percentage","Bin","2020-EW10","Evan what goes here?"
"852","3.2",0,"Peak Percentage","Bin","2020-EW10","Evan what goes here?"
"853","3.3",0,"Peak Percentage","Bin","2020-EW10","Evan what goes here?"
"854","3.4",0,"Peak Percentage","Bin","2020-EW10","Evan what goes here?"
"855","3.5",0,"Peak Percentage","Bin","2020-EW10","Evan what goes here?"
"856","3.6",0,"Peak Percentage","Bin","2020-EW10","Evan what goes here?"
"857","3.7",0,"Peak Percentage","Bin","2020-EW10","Evan what goes here?"
"858","3.8",0,"Peak Percentage","Bin","2020-EW10","Evan what goes here?"
"859","3.9",0,"Peak Percentage","Bin","2020-EW10","Evan what goes here?"
"860","4",0,"Peak Percentage","Bin","2020-EW10","Evan what goes here?"
"861","4.1",0,"Peak Percentage","Bin","2020-EW10","Evan what goes here?"
"862","4.2",0,"Peak Percentage","Bin","2020-EW10","Evan what goes here?"
"863","4.3",0,"Peak Percentage","Bin","2020-EW10","Evan what goes here?"
"864","4.4",0,"Peak Percentage","Bin","2020-EW10","Evan what goes here?"
"865","4.5",0,"Peak Percentage","Bin","2020-EW10","Evan what goes here?"
"866","4.6",0,"Peak Percentage","Bin","2020-EW10","Evan what goes here?"
"867","4.7",0,"Peak Percentage","Bin","2020-EW10","Evan what goes here?"
"868","4.8",0,"Peak Percentage","Bin","2020-EW10","Evan what goes here?"
"869","4.9",0,"Peak Percentage","Bin","2020-EW10","Evan what goes here?"
"870","5",0,"Peak Percentage","Bin","2020-EW10","Evan what goes here?"
"871","5.1",0,"Peak Percentage","Bin","2020-EW10","Evan what goes here?"
"872","5.2",0,"Peak Percentage","Bin","2020-EW10","Evan what goes here?"
"873","5.3",0,"Peak Percentage","Bin","2020-EW10","Evan what goes here?"
"874","5.4",0,"Peak Percentage","Bin","2020-EW10","Evan what goes here?"
"875","5.5",0,"Peak Percentage","Bin","2020-EW10","Evan what goes here?"
"876","5.6",0,"Peak Percentage","Bin","2020-EW10","Evan what goes here?"
"877","5.7",0,"Peak Percentage","Bin","2020-EW10","Evan what goes here?"
"878","5.8",0,"Peak Percentage","Bin","2020-EW10","Evan what goes here?"
"879","5.9",0,"Peak Percentage","Bin","2020-EW10","Evan what goes here?"
"880","6",0,"Peak Percentage","Bin","2020-EW10","Evan what goes here?"
"881","6.1",0,"Peak Percentage","Bin","2020-EW10","Evan what goes here?"
"882","6.2",0.894,"Peak Percentage","Bin","2020-EW10","Evan what goes here?"
"883","6.3",0.01,"Peak Percentage","Bin","2020-EW10","Evan what goes here?"
"884","6.4",0.011,"Peak Percentage","Bin","2020-EW10","Evan what goes here?"
"885","6.5",0.007,"Peak Percentage","Bin","2020-EW10","Evan what goes here?"
"886","6.6",0.007,"Peak Percentage","Bin","2020-EW10","Evan what goes here?"
"887","6.7",0.008,"Peak Percentage","Bin","2020-EW10","Evan what goes here?"
"888","6.8",0.002,"Peak Percentage","Bin","2020-EW10","Evan what goes here?"
"889","6.9",0.007,"Peak Percentage","Bin","2020-EW10","Evan what goes here?"
"890","7",0.007,"Peak Percentage","Bin","2020-EW10","Evan what goes here?"
"891","7.1",0.002,"Peak Percentage","Bin","2020-EW10","Evan what goes here?"
"892","7.2",0.001,"Peak Percentage","Bin","2020-EW10","Evan what goes here?"
"893","7.3",0.001,"Peak Percentage","Bin","2020-EW10","Evan what goes here?"
"894","7.4",0.001,"Peak Percentage","Bin","2020-EW10","Evan what goes here?"
"895","7.5",0.003,"Peak Percentage","Bin","2020-EW10","Evan what goes here?"
"896","7.6",0.004,"Peak Percentage","Bin","2020-EW10","Evan what goes here?"
"897","7.7",0,"Peak Percentage","Bin","2020-EW10","Evan what goes here?"
"898","7.8",0.003,"Peak Percentage","Bin","2020-EW10","Evan what goes here?"
"899","7.9",0.001,"Peak Percentage","Bin","2020-EW10","Evan what goes here?"
"900","8",0.002,"Peak Percentage","Bin","2020-EW10","Evan what goes here?"
"901","8.1",0,"Peak Percentage","Bin","2020-EW10","Evan what goes here?"
"902","8.2",0.001,"Peak Percentage","Bin","2020-EW10","Evan what goes here?"
"903","8.3",0,"Peak Percentage","Bin","2020-EW10","Evan what goes here?"
"904","8.4",0.001,"Peak Percentage","Bin","2020-EW10","Evan what goes here?"
"905","8.5",0.002,"Peak Percentage","Bin","2020-EW10","Evan what goes here?"
"906","8.6",0,"Peak Percentage","Bin","2020-EW10","Evan what goes here?"
"907","8.7",0,"Peak Percentage","Bin","2020-EW10","Evan what goes here?"
"908","8.8",0.002,"Peak Percentage","Bin","2020-EW10","Evan what goes here?"
"909","8.9",0.001,"Peak Percentage","Bin","2020-EW10","Evan what goes here?"
"910","9",0.001,"Peak Percentage","Bin","2020-EW10","Evan what goes here?"
"911","9.1",0.001,"Peak Percentage","Bin","2020-EW10","Evan what goes here?"
"912","9.2",0.001,"Peak Percentage","Bin","2020-EW10","Evan what goes here?"
"913","9.3",0,"Peak Percentage","Bin","2020-EW10","Evan what goes here?"
"914","9.4",0,"Peak Percentage","Bin","2020-EW10","Evan what goes here?"
"915","9.5",0,"Peak Percentage","Bin","2020-EW10","Evan what goes here?"
"916","9.6",0.001,"Peak Percentage","Bin","2020-EW10","Evan what goes here?"
"917","9.7",0,"Peak Percentage","Bin","2020-EW10","Evan what goes here?"
"918","9.8",0.001,"Peak Percentage","Bin","2020-EW10","Evan what goes here?"
"919","9.9",0,"Peak Percentage","Bin","2020-EW10","Evan what goes here?"
"920","10",0,"Peak Percentage","Bin","2020-EW10","Evan what goes here?"
"921","10.1",0.002,"Peak Percentage","Bin","2020-EW10","Evan what goes here?"
"922","10.2",0,"Peak Percentage","Bin","2020-EW10","Evan what goes here?"
"923","10.3",0.001,"Peak Percentage","Bin","2020-EW10","Evan what goes here?"
"924","10.4",0.001,"Peak Percentage","Bin","2020-EW10","Evan what goes here?"
"925","10.5",0,"Peak Percentage","Bin","2020-EW10","Evan what goes here?"
"926","10.6",0.001,"Peak Percentage","Bin","2020-EW10","Evan what goes here?"
"927","10.7",0.002,"Peak Percentage","Bin","2020-EW10","Evan what goes here?"
"928","10.8",0,"Peak Percentage","Bin","2020-EW10","Evan what goes here?"
"929","10.9",0.002,"Peak Percentage","Bin","2020-EW10","Evan what goes here?"
"930","11",0,"Peak Percentage","Bin","2020-EW10","Evan what goes here?"
"931","11.1",0,"Peak Percentage","Bin","2020-EW10","Evan what goes here?"
"932","11.2",0,"Peak Percentage","Bin","2020-EW10","Evan what goes here?"
"933","11.3",0,"Peak Percentage","Bin","2020-EW10","Evan what goes here?"
"934","11.4",0,"Peak Percentage","Bin","2020-EW10","Evan what goes here?"
"935","11.5",0.001,"Peak Percentage","Bin","2020-EW10","Evan what goes here?"
"936","11.6",0.001,"Peak Percentage","Bin","2020-EW10","Evan what goes here?"
"937","11.7",0,"Peak Percentage","Bin","2020-EW10","Evan what goes here?"
"938","11.8",0,"Peak Percentage","Bin","2020-EW10","Evan what goes here?"
"939","11.9",0,"Peak Percentage","Bin","2020-EW10","Evan what goes here?"
"940","12",0,"Peak Percentage","Bin","2020-EW10","Evan what goes here?"
"941","12.1",0.001,"Peak Percentage","Bin","2020-EW10","Evan what goes here?"
"942","12.2",0,"Peak Percentage","Bin","2020-EW10","Evan what goes here?"
"943","12.3",0,"Peak Percentage","Bin","2020-EW10","Evan what goes here?"
"944","12.4",0,"Peak Percentage","Bin","2020-EW10","Evan what goes here?"
"945","12.5",0,"Peak Percentage","Bin","2020-EW10","Evan what goes here?"
"946","12.6",0,"Peak Percentage","Bin","2020-EW10","Evan what goes here?"
"947","12.7",0.001,"Peak Percentage","Bin","2020-EW10","Evan what goes here?"
"948","12.8",0,"Peak Percentage","Bin","2020-EW10","Evan what goes here?"
"949","12.9",0,"Peak Percentage","Bin","2020-EW10","Evan what goes here?"
"950","13",0.004,"Peak Percentage","Bin","2020-EW10","Evan what goes here?"
